product_title,total_revenue
"Multifunctional Foldable And Adjustable Aluminum Alloy Reading Stand With Spring Clip For Laptops, Tablets & Thick Books",144150
Portable round Folding Chair Accordion Chair Height Adjustment Simple Tool Elephant Swing Playground Queue Chair,122800
Caterpillar Single Sofa Lazy Couch Tatami Living Room Bedroom Lovely Leisure Single Chair Reading Chair Balcony Rocking Chair,101288.75
"Monitor Stand for 13-32 inches Screens, Dual Monitor Mount Gas Spring, Dual Monitor Arm Full Motion Adjustable",60012
Electric Stand Up Desk Workstation Whole-Piece Desktop Ergonomic Height Adjustable Standing Desk With Cup and headphone holder,54055.8
MINGDIBAO Fabric Sofa Set Furniture Living Room Sofa Set with USB and Stools / Big U Shape Cloth Couch Sofas for Home Furniture,31853.75
Dresser For Bedroom With 9 Fabric Drawers Wardrobe Steel Frame Assembly Closet For Clothes Storage Display Cabinet Of Furniture,28074
Stylish Shoe Rack Metal Simple Shoe Shelf Footwear Organizer Stand Holder Space-saving Black Shoe Shelf for Living Room,27280
Office Furniture Computer Stand 42*26cm Adjustable Foldable Laptop Holder Notebook Desks Lap PC Folding Desk Table Vented Stand,26030
Luxury Living Room Sofa Furgle Chair Soft Suede Oversized Chair Lazy Floor Sofa for Living Room Corner Chair Caterpillar Sofa,19897.08
